id,question,hyde_document,generation_time_ms,expected_source,gold_evidence
Q001,Who shares responsibility for the sustainability of cloud workloads?,"In the realm of cloud computing, the sustainability of cloud workloads is a shared responsibility among various stakeholders. Organizations are increasingly adopting cloud services to enhance their operational efficiency and scalability. However, the sustainability of these cloud environments extends beyond just the cloud provider; it involves multiple parties including the organization itself, the cloud service providers, and the end-users. The organization is responsible for ensuring that its cloud workloads are designed with energy-efficient practices in mind, such as optimizing resource usage and implementing green technologies. Cloud service providers also play a crucial role by offering sustainable solutions and continuously improving their environmental impact through initiatives like",6336.4609,markdown\well-architected__sustainability__overview.md,Sustainability for workloads in the cloud is a shared responsibility between the cloud provider and the organization.
Q002,How much less carbon efficient can on-premises workloads be compared with Azure workloads?,"On-premises workloads can be significantly less carbon efficient compared to Azure workloads. Traditional data centers often rely on physical servers, which consume substantial amounts of energy to maintain their cooling systems and power infrastructure. In contrast, Azure leverages advanced technologies such as virtualization, cloud computing, and intelligent resource management to optimize energy usage. This results in lower operational costs and reduced carbon emissions, making Azure a more sustainable choice for businesses looking to reduce their environmental impact.",4731.1434,markdown\well-architected__sustainability__overview.md,"running it on-premises, which can be between 50-98% less carbon efficient"
Q003,How do architecture decisions influence the sustainability of an Azure workload?,"Architecture decisions play a crucial role in determining the long-term sustainability of an Azure workload. These decisions encompass everything from infrastructure design to application architecture, directly impacting resource efficiency, scalability, and resilience. For instance, choosing cloud-native technologies like containers or microservices can enhance agility and reduce operational overhead compared to traditional monolithic applications. Additionally, implementing robust security measures early in the development lifecycle can mitigate risks associated with data breaches and compliance issues, ensuring that the workload remains secure and compliant over time. Furthermore, adopting a scalable design that allows for horizontal scaling as demand increases can help prevent performance bottlenecks and ensure",6065.1076,markdown\well-architected__sustainability__overview.md,your design decisions directly shape how efficiently a workload uses cloud resources
Q004,What is a sustainable cloud workload?,"A sustainable cloud workload refers to the efficient management of resources in a cloud environment, ensuring that services are delivered with minimal environmental impact. This involves optimizing resource utilization, minimizing waste, and adopting practices that reduce energy consumption and carbon footprint. By leveraging technologies such as virtualization, automation, and cloud-native applications, organizations can achieve greater efficiency and sustainability in their cloud operations. Sustainable cloud workloads not only contribute to reducing operational costs but also support long-term environmental goals by promoting more eco-friendly cloud service delivery models.",5148.0658,markdown\well-architected__sustainability__overview.md,"A sustainable workload is designed to minimize unnecessary resource consumption while still meeting business, reliability, security, and performance requirements."
Q005,Which infrastructure practices can improve both cost optimization and sustainability?,"To enhance both cost optimization and sustainability in your Azure infrastructure, consider implementing several key practices:

1. **Resource Optimization**: Utilize Azure's resource optimization tools to efficiently manage and scale resources based on demand. This includes using Azure Cost Management and Billing to monitor and control costs, and Azure Advisor to identify potential cost-saving opportunities.

2. **Green Data Centers**: Opt for Azure regions located in data centers that are powered by renewable energy sources. Azure’s data centers are designed to minimize environmental impact through energy-efficient technologies and sustainable practices.

3. **Dedicated Cloud Services**: Leverage Azure Dedicated Host",6016.7527,markdown\well-architected__sustainability__overview.md,"Right-sizing infrastructure, using autoscaling effectively, and eliminating idle or redundant resources"
Q006,What type of analytics platform is Azure Databricks?,"Azure Databricks is a fully managed, scalable analytics platform designed to accelerate data science and machine learning workflows. It provides a unified environment where users can combine Apache Spark, SQL, Python, R, and Scala to process and analyze large datasets efficiently. With its robust ecosystem of tools and services, Azure Databricks enables organizations to build, train, and deploy machine learning models at scale, making it an ideal choice for businesses looking to leverage advanced analytics capabilities within the Microsoft Azure ecosystem.",4984.4702,markdown\well-architected__service-guides__azure-databricks.md,Azure Databricks is an Apache Spark-based analytics platform
Q007,What types of workloads can teams build with Azure Databricks?,"Teams can build a variety of workloads using Azure Databricks, including data preparation, machine learning, and analytics. With its powerful ecosystem of tools and services, Azure Databricks enables users to process large datasets, perform complex computations, and develop advanced machine learning models. It supports SQL, Python, R, Scala, and other programming languages, allowing for flexibility in data analysis and machine learning tasks. Additionally, Azure Databricks integrates seamlessly with Azure Storage, enabling efficient storage and retrieval of data, and it offers robust security features to protect sensitive information. This makes it an ideal platform for teams",6068.3565,markdown\well-architected__service-guides__azure-databricks.md,"build and deploy data engineering, machine learning, and analytics workloads at scale"
Q008,Which Azure technologies are included in the scope of the Azure Databricks architecture review?,"Azure Databricks is a fully managed service that integrates Apache Spark with Azure, providing a unified platform for data processing and analytics. The architecture review for Azure Databricks typically covers several key technologies to ensure optimal performance and scalability. These include:

1. **Apache Spark**: At the core of Databricks, Spark is a distributed computing framework that enables fast and scalable data processing. It supports various programming models such as SQL, streaming, and machine learning, making it versatile for different types of data analysis tasks.

2. **Azure Storage**: This component is essential for storing large volumes of data efficiently",6163.9243,markdown\well-architected__service-guides__azure-databricks.md,"Azure Databricks

Spark

Delta Lake

Unity Catalog

MLflow"
Q009,What is the purpose of the Reliability pillar?,"The Reliability pillar in Microsoft Azure is designed to ensure that applications and services are highly available, resilient, and capable of handling failures gracefully. It focuses on maintaining uptime, minimizing downtime, and providing consistent performance across all regions and availability zones. Key features include automatic failover mechanisms, redundancy of critical components, and robust monitoring and alerting systems to detect and respond to issues promptly. By adhering to the principles of reliability, organizations can build more dependable cloud-based solutions that meet their business needs without compromising on service availability.",5294.8576,markdown\well-architected__service-guides__azure-databricks.md,The purpose of the Reliability pillar is to provide continued functionality by building enough resilience and the ability to recover fast from failures
Q010,How should Azure Databricks job execution failures be handled?,"Azure Databricks, a managed service that enables users to run interactive SQL queries, data transformations, machine learning, and more in a unified environment, requires robust error handling to ensure that job executions are reliable and efficient. When a job fails during its execution, it is crucial to implement appropriate mechanisms to handle these failures effectively. This includes:

1. **Logging**: Implement detailed logging at various stages of the job execution to capture errors and warnings. This helps in diagnosing issues and understanding the root cause of failures.

2. **Retry Mechanisms**: Configure retry policies within Databricks jobs to automatically",6041.0955,markdown\well-architected__service-guides__azure-databricks.md,Implement retry policies with exponential backoff. Use Azure Databricks job orchestration with error handling. Set up appropriate timeout settings.
Q011,What is a cost model in the Azure Well-Architected Framework?,"A cost model in the Azure Well-Architected Framework is a strategic approach to managing costs associated with cloud computing services. It involves defining how resources are allocated, consumed, and billed across different Azure services and regions. A well-designed cost model helps organizations optimize their spending by identifying areas where costs can be reduced or managed more efficiently. This includes understanding pricing models, monitoring usage patterns, and leveraging Azure's built-in cost management tools to ensure that costs remain within budget while meeting business needs. By adhering to a robust cost model, organizations can make informed decisions about resource allocation, enabling them to achieve",6027.1915,markdown\well-architected__cost-optimization__cost-model.md,A cost model is an estimate that predicts the combined costs of services and their associated expenses.
Q012,Which events can interrupt long-running HPC jobs?,"Long-running High-Performance Computing (HPC) jobs in Azure can be interrupted by various events, including but not limited to:

1. **User Interruption**: The user can manually stop the job at any point during its execution.
2. **System Shutdown**: If the system hosting the job is powered off or restarted, the job will be terminated.
3. **Resource Limit Exceeded**: If the job exceeds the allocated resources (e.g., CPU time, memory), it may be automatically terminated to prevent resource exhaustion.
4. **Job Completion**: The job can be completed successfully, which",5948.0245,markdown\well-architected__hpc__hpc-design-principles.md,"Long-running HPC jobs are vulnerable to infrastructure failures, spot evictions, and maintenance events."
Q013,What kinds of resources are included in the Azure Architecture Center?,"The Azure Architecture Center is a comprehensive tool that provides a visual representation of your Azure infrastructure, helping you to understand how different services and resources interact with each other. It includes a wide range of resources such as virtual machines, storage accounts, databases, and networking components. Additionally, it supports various service types including compute, storage, databases, and networking, allowing you to visualize the relationships between these services and their underlying resources. The center also offers insights into security, monitoring, and governance aspects, enabling you to manage your Azure environment more effectively by understanding the interdependencies and dependencies within your architecture.",5910.807,html\en-us-azure-architecture-777fa9b92470.html,"Azure Architecture Center is a catalog of solution ideas, example workloads, reference architectures, technology decision guides, and architecture guides for Azure workloads."
Q014,What does the Azure Architecture Center help architects explore when building Azure workloads?,"The Azure Architecture Center (AAC) is a powerful tool designed to assist architects in exploring and designing scalable, secure, and efficient Azure workloads. AAC provides a comprehensive view of Azure services, offering architects a structured approach to planning and deploying applications. It helps in understanding how different Azure services can be orchestrated together to meet specific business needs, ensuring that the architecture is both flexible and resilient. By leveraging AAC, architects can identify the most appropriate Azure services for their workload, optimize resource allocation, and ensure compliance with regulatory requirements. The center also facilitates collaboration among team members by providing a shared knowledge base and best",5895.2977,html\en-us-azure-architecture-777fa9b92470.html,Explore best practices and patterns for building workloads on Microsoft Azure.
Q015,What capabilities does Microsoft Foundry provide for generative AI development?,"Microsoft Foundry is a powerful platform designed to accelerate the development of generative AI applications. It offers a suite of tools and services that enable developers to create, train, and deploy models quickly and efficiently. Foundry provides access to pre-built models and frameworks, allowing users to focus on their specific use cases without the need for extensive model development. Additionally, it includes advanced features such as hyperparameter tuning, model optimization, and integration with various data sources, ensuring that developers can build high-performance AI solutions tailored to their needs. With Foundry, organizations can leverage the power of generative AI while benefiting",5966.6471,html\en-us_azure_architecture_ai-ml.html,"Microsoft Foundry provides access to a model catalog, agent hosting through Foundry Agent Service, fine-tuning, evaluation tools, and responsible AI capabilities."
Q016,Which open-source frameworks are supported by Azure Machine Learning?,"Azure Machine Learning supports a variety of open-source machine learning frameworks, including TensorFlow, PyTorch, Scikit-learn, XGBoost, and LightGBM. These frameworks enable users to build, train, and deploy machine learning models using Azure's cloud services. The choice of framework depends on the specific requirements of the project, such as the type of data being processed, the complexity of the model, and the computational resources available. By leveraging these open-source tools, developers can leverage existing expertise and community support while taking advantage of Azure's scalable infrastructure and advanced analytics capabilities.",5767.883,html\en-us_azure_architecture_ai-ml.html,"Azure Machine Learning supports open-source frameworks like PyTorch, TensorFlow, and scikit-learn."
Q017,What type of platform is Microsoft Copilot Studio?,"Microsoft Copilot Studio is a cloud-based development environment designed to facilitate the creation, collaboration, and deployment of machine learning models. It provides a unified interface for developers to build, train, and deploy AI applications using various tools and services from Microsoft Azure. The platform supports a wide range of programming languages and frameworks, including Python, R, and TensorFlow, among others, enabling developers to leverage the full capabilities of Azure's machine learning services within a single, integrated workspace. With Copilot Studio, users can access pre-trained models, experiment with different algorithms, and integrate them seamlessly into their projects, all while",5874.6013,html\en-us_azure_architecture_ai-ml.html,"A low-code platform for building, customizing, and deploying AI-powered agents."
Q018,Which factors should be considered when choosing a database for an Azure workload?,"When selecting a database for an Azure workload, several key factors should be considered to ensure the chosen solution meets the specific needs of your application or service. These include the type of data you will be storing (structured, semi-structured, or unstructured), the scalability requirements of your workload, the performance expectations, and the level of security needed. For instance, if your workload involves large volumes of structured data that require high transactional throughput, a relational database management system (RDBMS) such as SQL Server or PostgreSQL might be ideal. Conversely, if your application deals with more complex data types like",5986.257,html\en-us_azure_architecture_data-guide.html,"The right database for your scenario depends on your data model, consistency requirements, query patterns, and operational preferences."
Q019,Which database deployment models are included in the Azure database portfolio?,"Azure Database offers a range of deployment models to cater to different needs and preferences, ensuring flexibility and scalability. The primary deployment models include:

1. **Managed Instance**: This model is designed for developers and businesses that prefer a managed service with minimal operational overhead. Managed Instances provide automatic updates, backups, and security patches, making it ideal for applications requiring high availability and performance.

2. **Virtual Machine (VM) with SQL Server**: For organizations looking to deploy SQL Server on-premises or in a hybrid environment, Azure VMs offer a flexible solution. Users can choose from various configurations, including dedicated",6015.8408,html\en-us_azure_architecture_data-guide.html,"The Azure database portfolio spans fully managed platform as a service (PaaS) offerings, infrastructure as a service (IaaS) options, and specialized services for specific workload patterns."
Q020,Why can Azure cloud design patterns be used outside Azure?,"Azure cloud design patterns are versatile solutions that can be applied across various cloud environments, not just within the Azure platform. These patterns provide a structured approach to designing scalable, secure, and efficient cloud applications. By leveraging these patterns, developers and architects can create robust architectures that are adaptable to different cloud providers, ensuring consistency in development practices regardless of the underlying infrastructure. This flexibility allows organizations to adopt best practices from Azure while maintaining their unique cloud strategies, ultimately enhancing the overall performance and reliability of their applications.",4990.1476,html\en-us_azure_architecture_patterns.html,"The following cloud design patterns are technology-agnostic, which makes them suitable for any distributed system."
Q021,What should guide the selection of a cloud design pattern?,"Selecting an appropriate cloud design pattern is crucial for optimizing resource utilization, ensuring scalability, and enhancing overall system performance in the cloud environment. A well-chosen design pattern should align with the specific needs and constraints of your application or service, such as the expected traffic patterns, data volume, and required security levels. Patterns like microservices architecture, serverless computing, and container orchestration can help manage complexity, improve fault tolerance, and facilitate efficient scaling. Additionally, understanding the differences between public, private, and hybrid clouds, as well as the implications of different deployment models (e.g., IaaS,",6032.6119,html\en-us_azure_architecture_patterns.html,"Choose a pattern based on the problem you need to solve, not the technology you want to use."
Q022,What information can users find when browsing Azure architectures?,"When users browse Azure architectures, they can find detailed information about various cloud services, including virtual machines, storage accounts, databases, and networking components. These resources are organized into logical groups such as compute, storage, databases, and networking, making it easy to understand how different parts of the infrastructure interact. Additionally, users can explore specific features like load balancing, disaster recovery, and security solutions provided by Azure, which help in designing robust and scalable applications. The architecture pages also include diagrams and visualizations that illustrate the relationships between these components, aiding in the visualization of complex systems. Overall, Azure architectures provide",5831.7928,html\en-us_azure_architecture_browse.html,"Find architecture diagrams and technology descriptions for reference architectures, real world examples of cloud architectures, and solution ideas for common workloads on Azure."
Q023,Does cloud adoption require an organization to move all applications out of its local datacenter?,"Cloud adoption does not necessitate the complete migration of all applications from a local datacenter. Organizations can choose to leverage cloud services selectively, focusing on specific applications or services that offer cost savings, scalability, or enhanced functionality. This approach allows businesses to benefit from the benefits of the cloud while maintaining control over critical components of their infrastructure. For instance, certain mission-critical applications might remain in-house, while others are moved to the cloud for optimal performance and cost efficiency. This hybrid model enables organizations to strike a balance between leveraging the advantages of the cloud and preserving the security and reliability of their core systems.",5862.0866,pdf\enterprise_cloud_strategy.pdf,"the cloud is not an “either/or” proposition. It is certainly possible, and indeed in many cases desirable, to leave some applications running in a local, traditional datacenter while others are moved to the cloud."
Q024,What are the five modernization approaches described in Enterprise Cloud Strategy?,"Enterprise Cloud Strategy outlines five key modernization approaches to help organizations leverage the benefits of cloud computing while maintaining their existing IT infrastructure. These approaches include:

1. **Cloud Migration**: This involves moving applications, data, and services from on-premises environments to the cloud. It allows organizations to take advantage of scalable, flexible, and cost-effective cloud resources without disrupting operations.

2. **Platform as a Service (PaaS)**: PaaS provides developers with tools and platforms to build, deploy, and manage applications. By using PaaS, businesses can focus on application development rather than infrastructure management, leading",5832.4023,pdf\enterprise_cloud_strategy.pdf,"the most convenient way to think about modernization, which is commonly called “the five R’s”"
Q025,What does rehosting a legacy application involve?,"Rehosting a legacy application involves transferring an existing software system from its original environment to a new, more modern platform or infrastructure. This process typically requires significant effort to ensure that the application can run smoothly on the new environment while maintaining its functionality and performance. Key steps in the rehosting process include:

1. **Assessment and Planning**: Conduct a thorough analysis of the legacy application's current architecture, dependencies, and performance characteristics. Identify areas where the application may need to be modified or enhanced to work effectively in the new environment.

2. **Migration Tools and Scripts**: Utilize migration tools and",5929.3148,pdf\enterprise_cloud_strategy.pdf,"Rehosting involves keeping the same basic functionality, but moving it to the cloud where it is easier to manage and less expensive to run."
Q026,What initial responsibility was assigned to the Cloud Strategy Team?,"Upon its establishment, the Cloud Strategy Team was tasked with developing a comprehensive cloud strategy that aligns with the organization's long-term goals and objectives. This involved identifying key cloud technologies and services that would support the business's growth and innovation, ensuring they were integrated seamlessly into existing IT infrastructure. The team also focused on optimizing cloud usage to reduce costs and improve efficiency, while maintaining compliance with industry regulations and standards. Their initial responsibility was to create a roadmap for cloud adoption, outlining phased implementations and milestones to achieve sustainable cloud maturity within the organization.",5230.603,pdf\enterprise_cloud_strategy.pdf,The Cloud Strategy Team was chartered to lead the cloud analysis and experimentation phase previously described (see Figure 5-2).
Q027,What type of storage service is Azure Table Storage?,"Azure Table Storage is a NoSQL, key-value store designed to provide fast read and write access to data. It supports a flexible schema model, allowing you to store and retrieve data in a highly scalable and cost-effective manner. The service is optimized for applications that require high performance and low latency, making it ideal for use cases such as caching, session management, and temporary data storage. With its support for up to 100,000 items per table and a maximum size of 5 GB per table, Azure Table Storage offers a robust solution for storing and retrieving large amounts of data",5823.3151,pdf\azure_serverless_computing_cookbook.pdf,"Azure Table storage, a NoSQL key-value persistent medium for storing semi-structured data."
Q028,How does a SendGrid output binding authenticate when sending emails?,"A SendGrid output binding in Azure Functions authenticates by using the credentials provided in the function app's configuration settings. Specifically, it uses the `SMTPS` authentication method, which requires the SMTP server address, port number, and optionally, the sender's email address and password. When the function is triggered, it sends an email to the specified recipient using these credentials, ensuring that the message is sent securely and reliably. The binding handles the necessary HTTP requests to the SendGrid API, including setting up the headers with the required authentication details, and then executing the SendGrid API call to send the email",5860.4729,pdf\azure_serverless_computing_cookbook.pdf,The SendGrid output (message) bindings will use the API key provided in the App settings to invoke the required APIs of the SendGrid library in order to send the emails.
Q029,What kind of Azure service is Azure Data Factory?,"Azure Data Factory is a cloud-based data integration service offered by Microsoft Azure. It enables organizations to design, develop, and manage complex data pipelines that automate the movement of data between various sources and destinations. With Azure Data Factory, users can create, deploy, and manage data flows using a graphical interface or through code, making it easier to integrate data from different systems and applications. This service supports a wide range of data sources and destinations, including relational databases, NoSQL databases, data lakes, and streaming data sources, allowing for seamless data processing and transformation across enterprise environments.",5598.5902,pdf\azure_serverless_computing_cookbook.pdf,Azure Data Factory is another cloud-native serverless solution from Microsoft Azure.
Q030,Why can precompiled Azure Functions provide better performance?,"Precompiled Azure Functions offer improved performance by reducing the overhead associated with dynamic compilation and runtime execution. When a function is precompiled, it is compiled into a single, optimized binary that is stored in the Azure Function App's storage account. This precompilation process eliminates the need for the function to be recompiled every time it is invoked, which can significantly reduce the startup time and improve the overall performance of the function. Additionally, precompilation allows for faster deployment times, as the function does not require any additional steps such as building or packaging the code before deployment. This streamlined approach ensures that functions",5886.8794,pdf\azure_serverless_computing_cookbook.pdf,"Precompiled functions have better performance, as they aren't required to be compiled on the fly."
